v_air,rh,t_monthly,season,optimal_t_set,pmv_hat
0.0,40.0,10.0,Summer,25.0,-0.029878687113523483
0.0,40.0,10.0,Winter,26.5,-0.08000476658344269
0.0,40.0,10.0,Spring,26.0,0.0017414428293704987
0.0,40.0,10.0,Autumn,25.5,-0.0017588213086128235
0.0,40.0,15.0,Summer,25.0,0.006949145346879959
0.0,40.0,15.0,Winter,26.0,0.00695023313164711
0.0,40.0,15.0,Spring,25.0,-0.0038165077567100525
0.0,40.0,15.0,Autumn,25.5,0.04295220971107483
0.0,40.0,20.0,Summer,25.0,0.060810722410678864
0.0,40.0,20.0,Winter,25.5,0.03041697107255459
0.0,40.0,20.0,Spring,25.0,0.05214551463723183
0.0,40.0,20.0,Autumn,25.0,-0.03717224672436714
0.0,40.0,25.0,Summer,25.0,0.08611270785331726
0.0,40.0,25.0,Winter,25.5,0.08008316904306412
0.0,40.0,25.0,Spring,25.0,0.033803995698690414
0.0,40.0,25.0,Autumn,25.0,0.04971284419298172
0.0,40.0,30.0,Summer,24.5,-0.11053888499736786
0.0,40.0,30.0,Winter,25.0,0.006562601774930954
0.0,40.0,30.0,Spring,25.0,0.09394019842147827
0.0,40.0,30.0,Autumn,24.5,-0.040580298751592636
0.0,40.0,35.0,Summer,24.5,-0.06146108731627464
0.0,40.0,35.0,Winter,25.0,0.08520104736089706
0.0,40.0,35.0,Spring,24.5,-0.04162973538041115
0.0,40.0,35.0,Autumn,24.5,0.007152646780014038
0.0,40.0,40.0,Summer,24.5,-0.024493005126714706
0.0,40.0,40.0,Winter,24.5,0.01530759409070015
0.0,40.0,40.0,Spring,24.5,-0.04413635656237602
0.0,40.0,40.0,Autumn,24.5,0.06769347190856934
0.0,40.0,45.0,Summer,24.5,0.05401182919740677
0.0,40.0,45.0,Winter,24.5,0.03062608651816845
0.0,40.0,45.0,Spring,24.5,-0.04449800029397011
0.0,40.0,45.0,Autumn,24.5,0.08065718412399292
0.0,45.0,10.0,Summer,25.0,0.027568183839321136
0.0,45.0,10.0,Winter,27.0,0.07729607820510864
0.0,45.0,10.0,Spring,26.5,0.003999888896942139
0.0,45.0,10.0,Autumn,25.5,0.03902073949575424
0.0,45.0,15.0,Summer,25.0,0.03437013551592827
0.0,45.0,15.0,Winter,26.0,0.011053845286369324
0.0,45.0,15.0,Spring,25.0,-0.009206414222717285
0.0,45.0,15.0,Autumn,25.5,0.04350649565458298
0.0,45.0,20.0,Summer,25.0,0.053791593760252
0.0,45.0,20.0,Winter,25.5,0.03101254254579544
0.0,45.0,20.0,Spring,24.5,-0.030502405017614365
0.0,45.0,20.0,Autumn,25.0,-0.019503917545080185
0.0,45.0,25.0,Summer,25.0,0.08431705832481384
0.0,45.0,25.0,Winter,25.0,-0.04408043250441551
0.0,45.0,25.0,Spring,24.5,-0.06777195632457733
0.0,45.0,25.0,Autumn,25.0,0.05562324449419975
0.0,45.0,30.0,Summer,24.5,-0.09476621448993683
0.0,45.0,30.0,Winter,25.0,0.029521604999899864
0.0,45.0,30.0,Spring,25.0,0.057851336896419525
0.0,45.0,30.0,Autumn,24.5,-0.05234971269965172
0.0,45.0,35.0,Summer,24.5,-0.04986041411757469
0.0,45.0,35.0,Winter,24.5,-0.07777038216590881
0.0,45.0,35.0,Spring,24.5,-0.0773562490940094
0.0,45.0,35.0,Autumn,24.5,0.028870688751339912
0.0,45.0,40.0,Summer,24.5,0.02261236123740673
0.0,45.0,40.0,Winter,24.5,-0.026409167796373367
0.0,45.0,40.0,Spring,24.5,-0.023938145488500595
0.0,45.0,40.0,Autumn,24.0,-0.057177674025297165
0.0,45.0,45.0,Summer,24.5,0.10060249269008636
0.0,45.0,45.0,Winter,24.5,0.06018921732902527
0.0,45.0,45.0,Spring,24.5,-0.022636543959379196
0.0,45.0,45.0,Autumn,24.0,-0.030773255974054337
0.0,50.0,10.0,Summer,25.0,0.02517794817686081
0.0,50.0,10.0,Winter,26.5,-0.09880897402763367
0.0,50.0,10.0,Spring,26.0,-0.046617817133665085
0.0,50.0,10.0,Autumn,25.0,-0.055832285434007645
0.0,50.0,15.0,Summer,25.0,0.04253917932510376
0.0,50.0,15.0,Winter,25.5,0.006581056863069534
0.0,50.0,15.0,Spring,25.0,-0.028128284960985184
0.0,50.0,15.0,Autumn,25.0,-0.011807482689619064
0.0,50.0,20.0,Summer,25.0,0.053527794778347015
0.0,50.0,20.0,Winter,25.0,-0.011165190488100052
0.0,50.0,20.0,Spring,24.5,0.011777427047491074
0.0,50.0,20.0,Autumn,25.0,0.020849987864494324
0.0,50.0,25.0,Summer,24.5,-0.07100184261798859
0.0,50.0,25.0,Winter,25.0,0.010994784533977509
0.0,50.0,25.0,Spring,24.5,0.0048768408596515656
0.0,50.0,25.0,Autumn,25.0,0.06658873707056046
0.0,50.0,30.0,Summer,24.5,-0.043856944888830185
0.0,50.0,30.0,Winter,25.0,0.06843467056751251
0.0,50.0,30.0,Spring,24.5,-0.04364670440554619
0.0,50.0,30.0,Autumn,24.5,-0.024837490171194077
0.0,50.0,35.0,Summer,24.5,0.006592884659767151
0.0,50.0,35.0,Winter,24.5,-0.021062735468149185
0.0,50.0,35.0,Spring,25.0,0.062574103474617
0.0,50.0,35.0,Autumn,24.5,0.06324321031570435
0.0,50.0,40.0,Summer,24.5,0.06047343462705612
0.0,50.0,40.0,Winter,24.5,-0.0036452561616897583
0.0,50.0,40.0,Spring,24.5,-0.029938366264104843
0.0,50.0,40.0,Autumn,24.0,-0.0202401764690876
0.0,50.0,45.0,Summer,24.0,-0.07895527780056
0.0,50.0,45.0,Winter,24.5,0.027592556551098824
0.0,50.0,45.0,Spring,24.5,0.03807979077100754
0.0,50.0,45.0,Autumn,24.0,0.012893512845039368
0.0,55.0,10.0,Summer,25.0,0.04142678529024124
0.0,55.0,10.0,Winter,26.5,-0.004823002964258194
0.0,55.0,10.0,Spring,26.0,0.04178201034665108
0.0,55.0,10.0,Autumn,25.0,-0.01869547739624977
0.0,55.0,15.0,Summer,25.0,0.0713600143790245
0.0,55.0,15.0,Winter,25.0,0.004600547254085541
0.0,55.0,15.0,Spring,25.0,0.022719960659742355
0.0,55.0,15.0,Autumn,25.0,0.05215248093008995
0.0,55.0,20.0,Summer,24.5,-0.049849916249513626
0.0,55.0,20.0,Winter,24.5,-0.05649976804852486
0.0,55.0,20.0,Spring,24.5,0.05435757339000702
0.0,55.0,20.0,Autumn,24.5,-0.03506557270884514
0.0,55.0,25.0,Summer,24.5,-0.028502795845270157
0.0,55.0,25.0,Winter,24.5,0.034333229064941406
0.0,55.0,25.0,Spring,24.0,-0.04095875099301338
0.0,55.0,25.0,Autumn,24.5,-0.028936680406332016
0.0,55.0,30.0,Summer,24.5,0.010750487446784973
0.0,55.0,30.0,Winter,24.5,0.02741796337068081
0.0,55.0,30.0,Spring,24.5,0.013314209878444672
0.0,55.0,30.0,Autumn,24.5,0.03189607709646225
0.0,55.0,35.0,Summer,24.5,0.044198743999004364
0.0,55.0,35.0,Winter,24.5,0.019357090815901756
0.0,55.0,35.0,Spring,24.5,-0.002255696803331375
0.0,55.0,35.0,Autumn,24.0,-0.06835813820362091
0.0,55.0,40.0,Summer,24.0,-0.09049157798290253
0.0,55.0,40.0,Winter,24.5,0.025601893663406372
0.0,55.0,40.0,Spring,24.5,-0.029280904680490494
0.0,55.0,40.0,Autumn,24.0,-0.008899230509996414
0.0,55.0,45.0,Summer,24.0,-0.037995923310518265
0.0,55.0,45.0,Winter,24.5,0.054640792310237885
0.0,55.0,45.0,Spring,24.0,-0.06777751445770264
0.0,55.0,45.0,Autumn,24.0,0.039930205792188644
0.0,60.0,10.0,Summer,25.0,0.0744105726480484
0.0,60.0,10.0,Winter,26.0,0.014761380851268768
0.0,60.0,10.0,Spring,25.5,0.03608223795890808
0.0,60.0,10.0,Autumn,25.0,0.054126396775245667
0.0,60.0,15.0,Summer,24.5,-0.049542855471372604
0.0,60.0,15.0,Winter,25.0,0.014083873480558395
0.0,60.0,15.0,Spring,24.5,-0.04812173172831535
0.0,60.0,15.0,Autumn,24.5,-0.021049264818429947
0.0,60.0,20.0,Summer,24.5,-0.026131007820367813
0.0,60.0,20.0,Winter,24.5,0.024279333651065826
0.0,60.0,20.0,Spring,24.0,-0.03162010386586189
0.0,60.0,20.0,Autumn,24.5,0.02739228494465351
0.0,60.0,25.0,Summer,24.5,0.00892309844493866
0.0,60.0,25.0,Winter,24.0,-0.030441995710134506
0.0,60.0,25.0,Spring,24.0,0.013151224702596664
0.0,60.0,25.0,Autumn,24.5,0.05192597582936287
0.0,60.0,30.0,Summer,24.5,0.030521631240844727
0.0,60.0,30.0,Winter,24.0,-0.014591064304113388
0.0,60.0,30.0,Spring,24.0,-0.023853350430727005
0.0,60.0,30.0,Autumn,24.0,-0.05723525211215019
0.0,60.0,35.0,Summer,24.5,0.07813391089439392
0.0,60.0,35.0,Winter,24.0,-0.050162266939878464
0.0,60.0,35.0,Spring,24.0,-0.04790164902806282
0.0,60.0,35.0,Autumn,24.0,-0.032978836447000504
0.0,60.0,40.0,Summer,24.0,-0.050108928233385086
0.0,60.0,40.0,Winter,24.0,-0.03894885256886482
0.0,60.0,40.0,Spring,24.5,0.06299224495887756
0.0,60.0,40.0,Autumn,24.0,-0.015997763723134995
0.0,60.0,45.0,Summer,24.0,-0.00437290221452713
0.0,60.0,45.0,Winter,24.0,-0.00717293843626976
0.0,60.0,45.0,Spring,24.0,-0.03861569985747337
0.0,60.0,45.0,Autumn,24.0,0.04894363507628441
0.5,40.0,10.0,Summer,27.0,0.042460378259420395
0.5,40.0,10.0,Winter,27.0,-0.27422720193862915
0.5,40.0,10.0,Spring,27.0,-0.4705265462398529
0.5,40.0,10.0,Autumn,27.0,-0.041659269481897354
0.5,40.0,15.0,Summer,27.0,0.10997803509235382
0.5,40.0,15.0,Winter,27.0,-0.08666445314884186
0.5,40.0,15.0,Spring,27.0,-0.13081125915050507
0.5,40.0,15.0,Autumn,27.0,0.06818635761737823
0.5,40.0,20.0,Summer,26.5,-0.036158304661512375
0.5,40.0,20.0,Winter,27.0,0.009957090020179749
0.5,40.0,20.0,Spring,27.0,0.04218381270766258
0.5,40.0,20.0,Autumn,26.5,-0.1154148131608963
0.5,40.0,25.0,Summer,26.5,0.0064042359590530396
0.5,40.0,25.0,Winter,26.5,-0.050359610468149185
0.5,40.0,25.0,Spring,26.5,-0.027794841676950455
0.5,40.0,25.0,Autumn,26.5,0.008694812655448914
0.5,40.0,30.0,Summer,26.5,0.114222452044487
0.5,40.0,30.0,Winter,26.0,-0.041056450456380844
0.5,40.0,30.0,Spring,26.5,0.025291018187999725
0.5,40.0,30.0,Autumn,26.0,-0.09570105373859406
0.5,40.0,35.0,Summer,26.0,-0.03126208111643791
0.5,40.0,35.0,Winter,26.0,0.009711384773254395
0.5,40.0,35.0,Spring,26.0,-0.04300695285201073
0.5,40.0,35.0,Autumn,26.0,-0.04090229794383049
0.5,40.0,40.0,Summer,26.0,0.11284603178501129
0.5,40.0,40.0,Winter,25.5,-0.06805974245071411
0.5,40.0,40.0,Spring,26.0,0.026648249477148056
0.5,40.0,40.0,Autumn,26.0,-0.0004055537283420563
0.5,40.0,45.0,Summer,25.5,-0.0010035932064056396
0.5,40.0,45.0,Winter,25.5,0.00937996432185173
0.5,40.0,45.0,Spring,25.5,-0.08453409373760223
0.5,40.0,45.0,Autumn,26.0,0.07372468709945679
0.5,45.0,10.0,Summer,26.5,-0.12295205891132355
0.5,45.0,10.0,Winter,26.5,-0.1330406367778778
0.5,45.0,10.0,Spring,27.0,-0.3233463168144226
0.5,45.0,10.0,Autumn,27.0,0.0591827929019928
0.5,45.0,15.0,Summer,26.5,-0.01319095492362976
0.5,45.0,15.0,Winter,26.5,-0.007074330002069473
0.5,45.0,15.0,Spring,27.0,-0.03290848806500435
0.5,45.0,15.0,Autumn,27.0,0.057355113327503204
0.5,45.0,20.0,Summer,26.5,0.01614145189523697
0.5,45.0,20.0,Winter,26.5,-0.02969667688012123
0.5,45.0,20.0,Spring,27.0,0.05053088814020157
0.5,45.0,20.0,Autumn,26.5,-0.08851295709609985
0.5,45.0,25.0,Summer,26.5,0.017735816538333893
0.5,45.0,25.0,Winter,26.0,-0.013550493866205215
0.5,45.0,25.0,Spring,26.5,0.03599616885185242
0.5,45.0,25.0,Autumn,26.5,0.036708638072013855
0.5,45.0,30.0,Summer,26.0,-0.06320348381996155
0.5,45.0,30.0,Winter,26.0,0.009761478751897812
0.5,45.0,30.0,Spring,26.0,0.01832219399511814
0.5,45.0,30.0,Autumn,26.0,-0.05447831377387047
0.5,45.0,35.0,Summer,26.0,0.026056839153170586
0.5,45.0,35.0,Winter,26.0,0.058312833309173584
0.5,45.0,35.0,Spring,26.0,0.05074174702167511
0.5,45.0,35.0,Autumn,26.0,0.0440065860748291
0.5,45.0,40.0,Summer,26.0,0.1506960242986679
0.5,45.0,40.0,Winter,25.5,-0.026119250804185867
0.5,45.0,40.0,Spring,25.5,-0.0945138931274414
0.5,45.0,40.0,Autumn,25.5,-0.055264610797166824
0.5,45.0,45.0,Summer,25.5,0.004295468330383301
0.5,45.0,45.0,Winter,25.0,-0.010266266763210297
0.5,45.0,45.0,Spring,25.5,-0.024350028485059738
0.5,45.0,45.0,Autumn,25.5,0.018503224477171898
0.5,50.0,10.0,Summer,26.5,-0.0368620790541172
0.5,50.0,10.0,Winter,26.0,-0.03749949112534523
0.5,50.0,10.0,Spring,27.0,-0.12744185328483582
0.5,50.0,10.0,Autumn,26.5,-0.011442560702562332
0.5,50.0,15.0,Summer,26.5,0.011690434068441391
0.5,50.0,15.0,Winter,26.5,0.022891808301210403
0.5,50.0,15.0,Spring,26.5,-0.04456881806254387
0.5,50.0,15.0,Autumn,26.5,-0.0354195199906826
0.5,50.0,20.0,Summer,26.5,0.056168925017118454
0.5,50.0,20.0,Winter,26.5,0.004150062799453735
0.5,50.0,20.0,Spring,26.5,0.01564055308699608
0.5,50.0,20.0,Autumn,26.5,-0.019852284342050552
0.5,50.0,25.0,Summer,26.5,0.058982282876968384
0.5,50.0,25.0,Winter,26.0,-0.035758037120103836
0.5,50.0,25.0,Spring,26.0,0.006338540464639664
0.5,50.0,25.0,Autumn,26.5,0.0794946551322937
0.5,50.0,30.0,Summer,26.0,-0.017945241183042526
0.5,50.0,30.0,Winter,26.0,0.0005131326615810394
0.5,50.0,30.0,Spring,26.0,0.07599568367004395
0.5,50.0,30.0,Autumn,26.0,-0.09383003413677216
0.5,50.0,35.0,Summer,26.0,0.11197017133235931
0.5,50.0,35.0,Winter,26.0,0.04683734476566315
0.5,50.0,35.0,Spring,25.5,-0.09964589774608612
0.5,50.0,35.0,Autumn,26.0,0.006125662475824356
0.5,50.0,40.0,Summer,25.5,-0.14093893766403198
0.5,50.0,40.0,Winter,25.5,0.04379567876458168
0.5,50.0,40.0,Spring,25.5,-0.02941640093922615
0.5,50.0,40.0,Autumn,25.5,-0.09397293627262115
0.5,50.0,45.0,Summer,25.5,0.03091438114643097
0.5,50.0,45.0,Winter,25.0,-0.004189204424619675
0.5,50.0,45.0,Spring,25.5,0.062126386910676956
0.5,50.0,45.0,Autumn,25.5,0.0645814910531044
0.5,55.0,10.0,Summer,26.5,0.13210725784301758
0.5,55.0,10.0,Winter,26.5,0.01299087330698967
0.5,55.0,10.0,Spring,26.5,0.025481348857283592
0.5,55.0,10.0,Autumn,26.0,-0.015178997069597244
0.5,55.0,15.0,Summer,26.5,0.1079346090555191
0.5,55.0,15.0,Winter,26.0,-0.015620376914739609
0.5,55.0,15.0,Spring,26.5,0.040123745799064636
0.5,55.0,15.0,Autumn,26.0,-0.016087178140878677
0.5,55.0,20.0,Summer,26.5,0.12477760016918182
0.5,55.0,20.0,Winter,26.0,-0.022564638406038284
0.5,55.0,20.0,Spring,26.0,0.030247095972299576
0.5,55.0,20.0,Autumn,26.5,0.07540035247802734
0.5,55.0,25.0,Summer,26.0,-0.08410570025444031
0.5,55.0,25.0,Winter,26.0,-0.04446129873394966
0.5,55.0,25.0,Spring,26.0,0.05915191024541855
0.5,55.0,25.0,Autumn,26.5,0.09359189122915268
0.5,55.0,30.0,Summer,26.0,0.0010617226362228394
0.5,55.0,30.0,Winter,26.0,0.002977874130010605
0.5,55.0,30.0,Spring,26.0,0.09616407006978989
0.5,55.0,30.0,Autumn,26.0,-0.1308143585920334
0.5,55.0,35.0,Summer,26.0,0.13040691614151
0.5,55.0,35.0,Winter,26.0,0.05188238248229027
0.5,55.0,35.0,Spring,25.5,-0.05499468371272087
0.5,55.0,35.0,Autumn,26.0,-0.05088013783097267
0.5,55.0,40.0,Summer,25.5,-0.029714230448007584
0.5,55.0,40.0,Winter,25.5,0.05004590377211571
0.5,55.0,40.0,Spring,25.5,0.04337519034743309
0.5,55.0,40.0,Autumn,25.5,-0.12682177126407623
0.5,55.0,45.0,Summer,25.0,-0.0906280130147934
0.5,55.0,45.0,Winter,25.0,0.017656048759818077
0.5,55.0,45.0,Spring,25.0,-0.0312037356197834
0.5,55.0,45.0,Autumn,25.0,-0.06943358480930328
0.5,60.0,10.0,Summer,26.0,-0.0540170781314373
0.5,60.0,10.0,Winter,26.0,0.044625211507081985
0.5,60.0,10.0,Spring,26.0,0.03590941056609154
0.5,60.0,10.0,Autumn,25.5,-0.06584432721138
0.5,60.0,15.0,Summer,26.0,-0.0835174173116684
0.5,60.0,15.0,Winter,26.0,0.009448852390050888
0.5,60.0,15.0,Spring,26.0,0.049066826701164246
0.5,60.0,15.0,Autumn,25.5,-0.08110456168651581
0.5,60.0,20.0,Summer,26.0,-0.07140874862670898
0.5,60.0,20.0,Winter,26.0,-0.021790381520986557
0.5,60.0,20.0,Spring,25.5,-0.023756619542837143
0.5,60.0,20.0,Autumn,26.0,-0.0008276291191577911
0.5,60.0,25.0,Summer,26.0,-0.05349646136164665
0.5,60.0,25.0,Winter,26.0,-0.0523873008787632
0.5,60.0,25.0,Spring,25.5,-0.0184161476790905
0.5,60.0,25.0,Autumn,26.0,-0.11803340911865234
0.5,60.0,30.0,Summer,26.0,-0.005966268479824066
0.5,60.0,30.0,Winter,26.0,-0.0069947801530361176
0.5,60.0,30.0,Spring,26.0,0.07742491364479065
0.5,60.0,30.0,Autumn,26.0,-0.10559648275375366
0.5,60.0,35.0,Summer,26.0,0.1269848793745041
0.5,60.0,35.0,Winter,26.0,0.0644293874502182
0.5,60.0,35.0,Spring,25.5,-0.002981707453727722
0.5,60.0,35.0,Autumn,26.0,-0.024600449949502945
0.5,60.0,40.0,Summer,25.5,0.06812279671430588
0.5,60.0,40.0,Winter,25.5,0.026650749146938324
0.5,60.0,40.0,Spring,25.0,-0.054853882640600204
0.5,60.0,40.0,Autumn,25.5,-0.06688140332698822
0.5,60.0,45.0,Summer,25.0,-0.0319187231361866
0.5,60.0,45.0,Winter,25.0,0.03717563673853874
0.5,60.0,45.0,Spring,25.0,-0.0018172860145568848
0.5,60.0,45.0,Autumn,25.0,-0.1072637140750885
1.0,40.0,10.0,Summer,27.0,-0.5545050501823425
1.0,40.0,10.0,Winter,27.0,-0.8311298489570618
1.0,40.0,10.0,Spring,27.0,-0.8094812631607056
1.0,40.0,10.0,Autumn,27.0,-0.3945457637310028
1.0,40.0,15.0,Summer,27.0,-0.38008105754852295
1.0,40.0,15.0,Winter,27.0,-0.4658096134662628
1.0,40.0,15.0,Spring,27.0,-0.3981555998325348
1.0,40.0,15.0,Autumn,27.0,-0.24793896079063416
1.0,40.0,20.0,Summer,27.0,-0.24319696426391602
1.0,40.0,20.0,Winter,27.0,-0.2477269172668457
1.0,40.0,20.0,Spring,27.0,-0.1737515777349472
1.0,40.0,20.0,Autumn,27.0,-0.14560221135616302
1.0,40.0,25.0,Summer,27.0,-0.11720213294029236
1.0,40.0,25.0,Winter,27.0,-0.09111064672470093
1.0,40.0,25.0,Spring,27.0,-0.10951657593250275
1.0,40.0,25.0,Autumn,27.0,-0.06463257968425751
1.0,40.0,30.0,Summer,27.0,0.013453926891088486
1.0,40.0,30.0,Winter,27.0,0.0642865002155304
1.0,40.0,30.0,Spring,27.0,-0.08453235030174255
1.0,40.0,30.0,Autumn,27.0,-0.018604416400194168
1.0,40.0,35.0,Summer,26.5,-0.06187451258301735
1.0,40.0,35.0,Winter,26.5,0.06363680958747864
1.0,40.0,35.0,Spring,27.0,0.06836037337779999
1.0,40.0,35.0,Autumn,27.0,0.021349648013710976
1.0,40.0,40.0,Summer,26.5,0.01594962365925312
1.0,40.0,40.0,Winter,26.5,0.04256719350814819
1.0,40.0,40.0,Spring,26.5,-0.09704406559467316
1.0,40.0,40.0,Autumn,27.0,0.0507708415389061
1.0,40.0,45.0,Summer,26.5,0.06216905266046524
1.0,40.0,45.0,Winter,26.5,0.031402796506881714
1.0,40.0,45.0,Spring,26.5,-0.012893501669168472
1.0,40.0,45.0,Autumn,27.0,0.10773614794015884
1.0,45.0,10.0,Summer,27.0,-0.4238271713256836
1.0,45.0,10.0,Winter,27.0,-0.5738762021064758
1.0,45.0,10.0,Spring,26.0,-0.6650458574295044
1.0,45.0,10.0,Autumn,27.0,-0.31508952379226685
1.0,45.0,15.0,Summer,27.0,-0.2620565593242645
1.0,45.0,15.0,Winter,27.0,-0.24662885069847107
1.0,45.0,15.0,Spring,27.0,-0.2407395839691162
1.0,45.0,15.0,Autumn,27.0,-0.1583707332611084
1.0,45.0,20.0,Summer,27.0,-0.20160110294818878
1.0,45.0,20.0,Winter,27.0,-0.06925413012504578
1.0,45.0,20.0,Spring,27.0,-0.1312047392129898
1.0,45.0,20.0,Autumn,27.0,-0.05574678257107735
1.0,45.0,25.0,Summer,27.0,-0.06849370896816254
1.0,45.0,25.0,Winter,27.0,0.006702505052089691
1.0,45.0,25.0,Spring,27.0,-0.05229848250746727
1.0,45.0,25.0,Autumn,27.0,0.023577218875288963
1.0,45.0,30.0,Summer,27.0,0.11943934857845306
1.0,45.0,30.0,Winter,26.5,-0.05999916419386864
1.0,45.0,30.0,Spring,27.0,0.07052606344223022
1.0,45.0,30.0,Autumn,27.0,0.0872487872838974
1.0,45.0,35.0,Summer,26.5,0.06319376826286316
1.0,45.0,35.0,Winter,26.5,0.09191098809242249
1.0,45.0,35.0,Spring,26.5,-0.08431693911552429
1.0,45.0,35.0,Autumn,26.5,-0.08025677502155304
1.0,45.0,40.0,Summer,26.0,-0.15488280355930328
1.0,45.0,40.0,Winter,26.0,-0.08530130982398987
1.0,45.0,40.0,Spring,26.5,0.016126850619912148
1.0,45.0,40.0,Autumn,26.5,-0.05879395082592964
1.0,45.0,45.0,Summer,26.0,-0.08065447211265564
1.0,45.0,45.0,Winter,26.0,-0.06921741366386414
1.0,45.0,45.0,Spring,26.0,-0.06726942956447601
1.0,45.0,45.0,Autumn,26.5,-0.024585101753473282
1.0,50.0,10.0,Summer,27.0,-0.3059399724006653
1.0,50.0,10.0,Winter,27.0,-0.2406582236289978
1.0,50.0,10.0,Spring,27.0,-0.397489994764328
1.0,50.0,10.0,Autumn,27.0,-0.19592760503292084
1.0,50.0,15.0,Summer,27.0,-0.2085249125957489
1.0,50.0,15.0,Winter,27.0,-0.04391442611813545
1.0,50.0,15.0,Spring,27.0,-0.18117325007915497
1.0,50.0,15.0,Autumn,27.0,-0.10113012790679932
1.0,50.0,20.0,Summer,27.0,-0.10913260281085968
1.0,50.0,20.0,Winter,27.0,0.02550669014453888
1.0,50.0,20.0,Spring,27.0,-0.07379677891731262
1.0,50.0,20.0,Autumn,27.0,0.013347603380680084
1.0,50.0,25.0,Summer,27.0,0.01809907890856266
1.0,50.0,25.0,Winter,27.0,0.05345364287495613
1.0,50.0,25.0,Spring,27.0,0.035394418984651566
1.0,50.0,25.0,Autumn,27.0,0.13887707889080048
1.0,50.0,30.0,Summer,26.5,-0.0633104145526886
1.0,50.0,30.0,Winter,26.5,-0.005151763558387756
1.0,50.0,30.0,Spring,26.5,-0.034536685794591904
1.0,50.0,30.0,Autumn,26.5,-0.027395781129598618
1.0,50.0,35.0,Summer,26.0,-0.1363227665424347
1.0,50.0,35.0,Winter,26.0,-0.08336547017097473
1.0,50.0,35.0,Spring,26.5,0.05421805754303932
1.0,50.0,35.0,Autumn,26.5,0.06119687855243683
1.0,50.0,40.0,Summer,26.0,-0.04706687852740288
1.0,50.0,40.0,Winter,26.0,-0.03647766634821892
1.0,50.0,40.0,Spring,26.0,-0.05884687229990959
1.0,50.0,40.0,Autumn,26.5,0.09725028276443481
1.0,50.0,45.0,Summer,26.0,-0.026111628860235214
1.0,50.0,45.0,Winter,26.0,-0.018870923668146133
1.0,50.0,45.0,Spring,26.0,0.07062438130378723
1.0,50.0,45.0,Autumn,26.5,0.09230690449476242
1.0,55.0,10.0,Summer,27.0,-0.1858685165643692
1.0,55.0,10.0,Winter,27.0,-0.011264514178037643
1.0,55.0,10.0,Spring,27.0,-0.20007987320423126
1.0,55.0,10.0,Autumn,27.0,-0.12729884684085846
1.0,55.0,15.0,Summer,27.0,-0.11550840735435486
1.0,55.0,15.0,Winter,27.0,0.1207989901304245
1.0,55.0,15.0,Spring,27.0,-0.07184697687625885
1.0,55.0,15.0,Autumn,27.0,-0.09237699210643768
1.0,55.0,20.0,Summer,27.0,0.005215946584939957
1.0,55.0,20.0,Winter,26.5,-0.07961398363113403
1.0,55.0,20.0,Spring,27.0,0.02792803756892681
1.0,55.0,20.0,Autumn,27.0,0.03979932516813278
1.0,55.0,25.0,Summer,27.0,0.13106589019298553
1.0,55.0,25.0,Winter,26.5,-0.013524126261472702
1.0,55.0,25.0,Spring,26.5,-0.13309839367866516
1.0,55.0,25.0,Autumn,26.5,-0.05598539486527443
1.0,55.0,30.0,Summer,26.5,0.08415181934833527
1.0,55.0,30.0,Winter,26.5,0.0681300237774849
1.0,55.0,30.0,Spring,26.5,0.11034710705280304
1.0,55.0,30.0,Autumn,26.5,0.14251388609409332
1.0,55.0,35.0,Summer,26.0,0.019669704139232635
1.0,55.0,35.0,Winter,26.0,0.0014345534145832062
1.0,55.0,35.0,Spring,26.0,-0.01278892531991005
1.0,55.0,35.0,Autumn,26.0,-0.04532191529870033
1.0,55.0,40.0,Summer,26.0,0.08483971655368805
1.0,55.0,40.0,Winter,26.0,0.030302073806524277
1.0,55.0,40.0,Spring,26.0,0.07305891811847687
1.0,55.0,40.0,Autumn,26.0,-0.0013201572000980377
1.0,55.0,45.0,Summer,26.0,0.057026207447052
1.0,55.0,45.0,Winter,26.0,0.051134392619132996
1.0,55.0,45.0,Spring,25.5,-0.03853033855557442
1.0,55.0,45.0,Autumn,26.0,-0.00032636523246765137
1.0,60.0,10.0,Summer,27.0,-0.06208701804280281
1.0,60.0,10.0,Winter,26.5,-0.07068535685539246
1.0,60.0,10.0,Spring,27.0,0.011818889528512955
1.0,60.0,10.0,Autumn,27.0,-0.09264397621154785
1.0,60.0,15.0,Summer,27.0,0.024306965991854668
1.0,60.0,15.0,Winter,26.5,-0.011289410293102264
1.0,60.0,15.0,Spring,27.0,0.034617986530065536
1.0,60.0,15.0,Autumn,27.0,-0.03130907192826271
1.0,60.0,20.0,Summer,26.5,-0.14835457503795624
1.0,60.0,20.0,Winter,26.5,0.03618711978197098
1.0,60.0,20.0,Spring,26.5,-0.09245386719703674
1.0,60.0,20.0,Autumn,27.0,0.08436646312475204
1.0,60.0,25.0,Summer,26.5,-0.02129659429192543
1.0,60.0,25.0,Winter,26.5,0.04469819366931915
1.0,60.0,25.0,Spring,26.5,0.04935071989893913
1.0,60.0,25.0,Autumn,26.5,0.0356968529522419
1.0,60.0,30.0,Summer,26.0,-0.027561035007238388
1.0,60.0,30.0,Winter,26.0,-0.057410579174757004
1.0,60.0,30.0,Spring,26.0,0.03358819708228111
1.0,60.0,30.0,Autumn,26.0,-0.01711336150765419
1.0,60.0,35.0,Summer,25.5,-0.09230095148086548
1.0,60.0,35.0,Winter,26.0,0.029947921633720398
1.0,60.0,35.0,Spring,26.0,0.12517520785331726
1.0,60.0,35.0,Autumn,26.0,0.07908102869987488
1.0,60.0,40.0,Summer,25.5,-0.09791506826877594
1.0,60.0,40.0,Winter,26.0,0.0818825513124466
1.0,60.0,40.0,Spring,25.5,-0.06785187125205994
1.0,60.0,40.0,Autumn,26.0,0.060996465384960175
1.0,60.0,45.0,Summer,25.5,-0.08983239531517029
1.0,60.0,45.0,Winter,25.5,-0.07756556570529938
1.0,60.0,45.0,Spring,25.5,-0.029432151466608047
1.0,60.0,45.0,Autumn,26.0,0.03912419453263283
1.5,40.0,10.0,Summer,27.0,-0.670183002948761
1.5,40.0,10.0,Winter,27.0,-0.8513261079788208
1.5,40.0,10.0,Spring,27.0,-0.5577290654182434
1.5,40.0,10.0,Autumn,27.0,-0.46593353152275085
1.5,40.0,15.0,Summer,27.0,-0.52515709400177
1.5,40.0,15.0,Winter,27.0,-0.6499776244163513
1.5,40.0,15.0,Spring,27.0,-0.3466637134552002
1.5,40.0,15.0,Autumn,27.0,-0.34754014015197754
1.5,40.0,20.0,Summer,27.0,-0.422278493642807
1.5,40.0,20.0,Winter,27.0,-0.4496596157550812
1.5,40.0,20.0,Spring,27.0,-0.32379189133644104
1.5,40.0,20.0,Autumn,27.0,-0.2894080579280853
1.5,40.0,25.0,Summer,27.0,-0.2829025089740753
1.5,40.0,25.0,Winter,27.0,-0.1843492090702057
1.5,40.0,25.0,Spring,27.0,-0.3090616464614868
1.5,40.0,25.0,Autumn,27.0,-0.18194866180419922
1.5,40.0,30.0,Summer,27.0,-0.06894233822822571
1.5,40.0,30.0,Winter,27.0,-0.0640030950307846
1.5,40.0,30.0,Spring,27.0,-0.2591055631637573
1.5,40.0,30.0,Autumn,27.0,-0.12481337785720825
1.5,40.0,35.0,Summer,27.0,0.10542121529579163
1.5,40.0,35.0,Winter,27.0,0.11378994584083557
1.5,40.0,35.0,Spring,27.0,-0.17426356673240662
1.5,40.0,35.0,Autumn,27.0,-0.0775316059589386
1.5,40.0,40.0,Summer,26.5,-0.06271520256996155
1.5,40.0,40.0,Winter,26.5,-0.12904460728168488
1.5,40.0,40.0,Spring,27.0,-0.037123244255781174
1.5,40.0,40.0,Autumn,27.0,-0.07926072180271149
1.5,40.0,45.0,Summer,27.0,0.0671667754650116
1.5,40.0,45.0,Winter,27.0,0.0855868011713028
1.5,40.0,45.0,Spring,27.0,-0.0381612591445446
1.5,40.0,45.0,Autumn,27.0,-0.11734773218631744
1.5,45.0,10.0,Summer,27.0,-0.5513557195663452
1.5,45.0,10.0,Winter,27.0,-0.6459680795669556
1.5,45.0,10.0,Spring,27.0,-0.5269156694412231
1.5,45.0,10.0,Autumn,27.0,-0.4853381812572479
1.5,45.0,15.0,Summer,27.0,-0.562870979309082
1.5,45.0,15.0,Winter,27.0,-0.5211238265037537
1.5,45.0,15.0,Spring,27.0,-0.43672993779182434
1.5,45.0,15.0,Autumn,27.0,-0.36831822991371155
1.5,45.0,20.0,Summer,27.0,-0.4723893702030182
1.5,45.0,20.0,Winter,27.0,-0.38981109857559204
1.5,45.0,20.0,Spring,27.0,-0.37745893001556396
1.5,45.0,20.0,Autumn,27.0,-0.28580614924430847
1.5,45.0,25.0,Summer,27.0,-0.28655144572257996
1.5,45.0,25.0,Winter,27.0,-0.21198970079421997
1.5,45.0,25.0,Spring,27.0,-0.2880122661590576
1.5,45.0,25.0,Autumn,27.0,-0.14945515990257263
1.5,45.0,30.0,Summer,27.0,-0.013651084154844284
1.5,45.0,30.0,Winter,27.0,-0.014317937195301056
1.5,45.0,30.0,Spring,27.0,-0.19925111532211304
1.5,45.0,30.0,Autumn,27.0,-0.07104431092739105
1.5,45.0,35.0,Summer,26.5,-0.09848080575466156
1.5,45.0,35.0,Winter,26.5,-0.14884668588638306
1.5,45.0,35.0,Spring,27.0,-0.060284364968538284
1.5,45.0,35.0,Autumn,27.0,-0.036425624042749405
1.5,45.0,40.0,Summer,26.5,-0.028747383505105972
1.5,45.0,40.0,Winter,26.5,-0.09994906187057495
1.5,45.0,40.0,Spring,27.0,-0.00314471498131752
1.5,45.0,40.0,Autumn,27.0,-0.058292511850595474
1.5,45.0,45.0,Summer,26.5,-0.049863044172525406
1.5,45.0,45.0,Winter,26.5,-0.0902823954820633
1.5,45.0,45.0,Spring,27.0,0.02198486216366291
1.5,45.0,45.0,Autumn,27.0,-0.07287141680717468
1.5,50.0,10.0,Summer,27.0,-0.50127112865448
1.5,50.0,10.0,Winter,27.0,-0.47904953360557556
1.5,50.0,10.0,Spring,27.0,-0.4487360417842865
1.5,50.0,10.0,Autumn,27.0,-0.4484693109989166
1.5,50.0,15.0,Summer,27.0,-0.5425150990486145
1.5,50.0,15.0,Winter,27.0,-0.37142738699913025
1.5,50.0,15.0,Spring,27.0,-0.41138237714767456
1.5,50.0,15.0,Autumn,27.0,-0.356032133102417
1.5,50.0,20.0,Summer,27.0,-0.4847293794155121
1.5,50.0,20.0,Winter,27.0,-0.3028128147125244
1.5,50.0,20.0,Spring,27.0,-0.35258081555366516
1.5,50.0,20.0,Autumn,27.0,-0.2652278244495392
1.5,50.0,25.0,Summer,27.0,-0.29514220356941223
1.5,50.0,25.0,Winter,27.0,-0.17781376838684082
1.5,50.0,25.0,Spring,27.0,-0.19564437866210938
1.5,50.0,25.0,Autumn,27.0,-0.1248515248298645
1.5,50.0,30.0,Summer,27.0,0.034286096692085266
1.5,50.0,30.0,Winter,27.0,0.0255182683467865
1.5,50.0,30.0,Spring,27.0,-0.08902010321617126
1.5,50.0,30.0,Autumn,27.0,0.0011060424149036407
1.5,50.0,35.0,Summer,26.5,-0.055845316499471664
1.5,50.0,35.0,Winter,26.5,-0.08992567658424377
1.5,50.0,35.0,Spring,27.0,-0.0024160631000995636
1.5,50.0,35.0,Autumn,27.0,0.030139673501253128
1.5,50.0,40.0,Summer,26.5,0.019626833498477936
1.5,50.0,40.0,Winter,26.5,-0.03877108171582222
1.5,50.0,40.0,Spring,27.0,0.06830500811338425
1.5,50.0,40.0,Autumn,27.0,0.012314051389694214
1.5,50.0,45.0,Summer,26.5,0.014553356915712357
1.5,50.0,45.0,Winter,26.5,-0.005804434418678284
1.5,50.0,45.0,Spring,27.0,0.10997679829597473
1.5,50.0,45.0,Autumn,27.0,0.018167637288570404
1.5,55.0,10.0,Summer,27.0,-0.5127604007720947
1.5,55.0,10.0,Winter,27.0,-0.34412509202957153
1.5,55.0,10.0,Spring,27.0,-0.4426266551017761
1.5,55.0,10.0,Autumn,27.0,-0.4653656780719757
1.5,55.0,15.0,Summer,27.0,-0.4848800599575043
1.5,55.0,15.0,Winter,27.0,-0.29379644989967346
1.5,55.0,15.0,Spring,27.0,-0.3599441945552826
1.5,55.0,15.0,Autumn,27.0,-0.3297743797302246
1.5,55.0,20.0,Summer,27.0,-0.45471468567848206
1.5,55.0,20.0,Winter,27.0,-0.24123913049697876
1.5,55.0,20.0,Spring,27.0,-0.24677959084510803
1.5,55.0,20.0,Autumn,27.0,-0.23214974999427795
1.5,55.0,25.0,Summer,27.0,-0.23244953155517578
1.5,55.0,25.0,Winter,27.0,-0.12783583998680115
1.5,55.0,25.0,Spring,27.0,-0.11085565388202667
1.5,55.0,25.0,Autumn,27.0,-0.061939630657434464
1.5,55.0,30.0,Summer,27.0,0.046539612114429474
1.5,55.0,30.0,Winter,27.0,0.041307706385850906
1.5,55.0,30.0,Spring,27.0,0.05606088787317276
1.5,55.0,30.0,Autumn,27.0,0.08146876096725464
1.5,55.0,35.0,Summer,26.5,-0.048683639615774155
1.5,55.0,35.0,Winter,26.5,-0.08315390348434448
1.5,55.0,35.0,Spring,27.0,0.10945308953523636
1.5,55.0,35.0,Autumn,27.0,0.10324735939502716
1.5,55.0,40.0,Summer,26.5,0.1025356873869896
1.5,55.0,40.0,Winter,26.5,0.011601600795984268
1.5,55.0,40.0,Spring,26.5,-0.13815276324748993
1.5,55.0,40.0,Autumn,27.0,0.1127549558877945
1.5,55.0,45.0,Summer,26.5,0.07421240210533142
1.5,55.0,45.0,Winter,26.5,0.0750633180141449
1.5,55.0,45.0,Spring,26.5,-0.04493243619799614
1.5,55.0,45.0,Autumn,27.0,0.11657334864139557
1.5,60.0,10.0,Summer,27.0,-0.5052023530006409
1.5,60.0,10.0,Winter,27.0,-0.3362579345703125
1.5,60.0,10.0,Spring,27.0,-0.4037929177284241
1.5,60.0,10.0,Autumn,27.0,-0.4745347797870636
1.5,60.0,15.0,Summer,27.0,-0.37067079544067383
1.5,60.0,15.0,Winter,27.0,-0.23983559012413025
1.5,60.0,15.0,Spring,27.0,-0.24843356013298035
1.5,60.0,15.0,Autumn,27.0,-0.32631102204322815
1.5,60.0,20.0,Summer,27.0,-0.30698227882385254
1.5,60.0,20.0,Winter,27.0,-0.18314288556575775
1.5,60.0,20.0,Spring,27.0,-0.1338208019733429
1.5,60.0,20.0,Autumn,27.0,-0.17672835290431976
1.5,60.0,25.0,Summer,27.0,-0.16972297430038452
1.5,60.0,25.0,Winter,27.0,-0.08282318711280823
1.5,60.0,25.0,Spring,27.0,0.005924701690673828
1.5,60.0,25.0,Autumn,27.0,0.03486833721399307
1.5,60.0,30.0,Summer,27.0,0.06371206790208817
1.5,60.0,30.0,Winter,27.0,0.06903509050607681
1.5,60.0,30.0,Spring,27.0,0.1455605924129486
1.5,60.0,30.0,Autumn,27.0,0.1504044085741043
1.5,60.0,35.0,Summer,26.5,-0.06128564104437828
1.5,60.0,35.0,Winter,26.5,-0.06372305750846863
1.5,60.0,35.0,Spring,26.5,-0.10057529807090759
1.5,60.0,35.0,Autumn,26.5,-0.09871034324169159
1.5,60.0,40.0,Summer,26.5,0.08196015655994415
1.5,60.0,40.0,Winter,26.5,0.0694640725851059
1.5,60.0,40.0,Spring,26.5,-0.005914952605962753
1.5,60.0,40.0,Autumn,26.5,-0.033217985183000565
1.5,60.0,45.0,Summer,26.5,0.10058997571468353
1.5,60.0,45.0,Winter,26.5,0.11840702593326569
1.5,60.0,45.0,Spring,26.5,0.06982283294200897
1.5,60.0,45.0,Autumn,26.5,-0.007708951830863953
